GD_ID;GOOD_CODE;APP_CODE;CRD_CODE;NAME_SHORT;NAME;ARCHITECT_ID
299;202;262;202;БСК 365 дней;БСК на 365 дней;1
300;201;262;201;БСК 90 дней;БСК на 90 дней;1
359;301;262;301;БЛАНК ТК;Бланк транспортной карты;1
860;200;262;200;БСК 30 дней;БСК на 30 дней;1
1000;100;262;100;Пропуск руковод.;Пропуск руководителя метрополитена;1
1100;304;262;304;Бланк МЖД-БСК;Бланк Единой транспортной карты МЖД;1
1509;57;262;57;СКМ;Социальная карта москвича;1
1513;305;262;305;Бланк СКС;Бланк СК студента;1
1514;211;262;211;СКС тек. мес.;СК студента на тек. мес.;1
1519;307;262;307;Бланк СКУ;Бланк СК учащегося;1
1520;215;262;215;СКУ тек. мес.;СК учащегося тек. месяц;1
1537;58;262;58;БТК;Безналичная транспортная карта;1
1959;309;262;309;БЛАНК СКМ ПТК;Бланк СКМ для платной ТК;1
4072;59;262;59;СК МО;Социальная карта жителя Моск. области;1
4073;102;262;102;Пропуск сотр.УВД;Пропуск сотрудника УВД по охране Метрополитена;1
4098;111;262;111;Бланк УЛ;Бланк Ультралайт;2
4110;61;262;61;БСК дружинника;БСК дружинника г.Москвы;1
4112;104;262;104;Пропуск метро;Пропуск сотрудника метрополитена;1
4125;150;262;150;ВЕСБ МОСКВА;ВЕСБ МОСКВА;2
4126;151;266;150;ВЕСБ МО;ВЕСБ МО;2
4144;114;262;114;Бланк УЛ Е;Бланк Ультралайт Единый;2
4145;149;262;149;УЛ Единый (70);Ультралайт Единый (70);2
4164;133;262;133;ВЛБ МО;ВЛБ МО;2
4167;132;262;132;ВЛБ МОСКВА;ВЛБ МОСКВА;2
4168;134;262;134;ВРЕМЕННЫЙ 5ДН;ВРЕМЕННЫЙ 5ДН;2
4170;109;262;109;Бланк ВЛБ;Бланк ВЛБ;2
4171;110;262;110;Бланк ВР 5ДН;Бланк ВР 5ДН;2
4204;135;262;135;ВРЕМЕННЫЙ 5ДН АЗ;ВРЕМЕННЫЙ 5 ДН АВАРИЙНЫЙ;2
4217;333;262;333;Бланк ЕТК;Бланк единой транспортной карты;1
4245;108;262;108;Бланк ЛБ орггруп;Бланк ЛБ для организованных групп;2
4246;139;262;139;FIFA болельщик;Билет болельщика FIFA;2
4249;140;262;140;ЛБ1 для орггрупп;ЛБ1 для организованных групп;2
4255;143;262;143;ЛБ для ВОВ;ЛБ для ветеранов Великой Отечественной войны;2
4332;62;262;62;СКМ с сопровожд.;Социальная карта москвича с сопровождающим;1
4333;63;262;63;СК МО с сопровож;Социальная карта жителя Моск. области с сопровождающим;1
4339;300;262;300;БЛАНК УЭК;Бланк БЛАНК УЭК;1
4366;167;262;167;БАГАЖНЫЙ УЛ;БАГАЖНЫЙ УЛ;2
4370;335;279;335;Бланк ЕДИНЫЙ;Бланк ЕДИНЫЙ;2
4371;411;279;411;1 ПОЕЗД. ЕДИНЫЙ;1 ПОЕЗДКА ЕДИНЫЙ;2
4373;412;279;412;2 ПОЕЗД. ЕДИНЫЙ;2 ПОЕЗДКИ ЕДИНЫЙ;2
4381;416;279;416;20 ПОЕЗД. ЕДИНЫЙ;20 ПОЕЗДОК ЕДИНЫЙ;2
4383;417;279;417;40 ПОЕЗД. ЕДИНЫЙ;40 ПОЕЗДОК ЕДИНЫЙ;2
4385;418;279;418;60 ПОЕЗД. ЕДИНЫЙ;60 ПОЕЗДОК ЕДИНЫЙ;2
4387;336;279;336;Бланк бил 90 мин;Бланк билета на 90 минут;2
4400;427;279;427;60 ПОЕЗД. 90 мин;60 ПОЕЗДОК 90 минут;2
4402;419;279;419;1 сутки ЕДИНЫЙ;Билет 1 сутки ЕДИНЫЙ;2
4413;338;279;338;БЛАНК КОШ(платн);Бланк кошелька (платный);1
4414;433;279;433;КОШЕЛЕК;КОШЕЛЕК;1
4421;327;279;327;БЛАНК КОШ УЭК;Бланк кошелька УЭК;1
4422;332;279;332;Бланк 1 сутки;Бланк билета на 1 сутки;2
4423;328;279;328;Бланк КОШ(агент);Бланк кошелька (агенты);1
4430;317;279;317;Бланк ЕД (платн);Бланк ЕДИНЫЙ (платный);1
4434;461;279;461;1 поездка ЕД ТК;1 поездка ЕДИНЫЙ ТК;1
4436;468;279;468;1 сутки ТК;1 сутки ЕДИНЫЙ ТК;1
4438;469;279;469;30 дней ТК;30 дней ЕДИНЫЙ ТК;1
4442;475;279;475;11 п. 90 мин ТК;11 поездок 90 мин ТК;1
4444;462;279;462;2 поездки ЕД ТК;2 поездки ЕДИНЫЙ ТК;1
4446;463;279;463;5 поездок ЕД ТК;5 поездок ЕДИНЫЙ ТК;1
4448;464;279;464;11 поездок ЕД ТК;11 поездок ЕДИНЫЙ ТК;1
4450;465;279;465;20 поездок ЕД ТC;20 поездок ЕДИНЫЙ ТC;1
4452;466;279;466;40 поездок ЕД ТC;40 поездок ЕДИНЫЙ ТC;1
4454;467;279;467;60 поездок ЕД ТC;60 поездок ЕДИНЫЙ ТC;1
4456;470;279;470;90 дней ТК;90 дней ЕДИНЫЙ ТК;1
4458;471;279;471;365 дней ТК;365 дней ЕДИНЫЙ ТК;1
4464;474;279;474;5 п. 90 мин ТК;5 поездок 90 мин ТК;1
4466;476;279;476;20 п. 90 мин ТК;20 поездок 90 мин ТК;1
4468;477;279;477;40 п. 90 мин ТК;40 поездок 90 мин ТК;1
4470;478;279;478;60 п. 90 мин ТК;60 поездок 90 мин ТК;1
4473;316;279;316;Бланк ЕД УЭК;Бланк ЕДИНЫЙ УЭК;1
4474;318;279;318;Бланк ЕД (агент);Бланк ЕДИНЫЙ (агенты);1
4487;64;262;64;СК ГУВД Москвы;СК для сотрудника ГУВД г.Москвы;1
4488;65;262;65;Техническая БСК;Техническая БСК для Службы связи;1
4490;340;279;340;Бланк ЕД (банк);Бланк ЕДИНЫЙ (банк);1
4491;341;279;341;Бланк КОШ (банк);Бланк кошелька (банк);1
4492;251;266;151;ВЕСБ МО (7 мин);ВЕСБ МО (7 мин);2
4493;252;266;152;ВЕСБ МО с сопров;ВЕСБ МО с сопровождающим;2
4496;435;279;435;3 суток ЕДИНЫЙ;Билет 3 суток ЕДИНЫЙ;2
4498;436;279;436;7 суток ЕДИНЫЙ;Билет 7 суток ЕДИНЫЙ;2
4517;350;279;350;Бланк Сутки Ед;Бланк суточного билета Единый;2
4518;351;262;351;Бланк УЛ Багаж;Бланк Ультралайт багажный;2
4519;410;279;410;1 ПОЕЗД. ЕД.;1 ПОЕЗДКА ЕДИНЫЙ;2
4521;352;279;352;Бланк ЕДИНЫЙ МГТ;Бланк ЕДИНЫЙ МГТ;2
4531;437;279;437;1 ПОЕЗД. 90 мин;1 ПОЕЗД. 90 минут;2
4533;438;279;438;2 ПОЕЗД. 90 мин;2 ПОЕЗД. 90 минут;2
4535;439;279;439;1 п. 90 мин ТК;1 поездка 90 мин ТК;1
4537;440;279;440;2 п. 90 мин ТК;2 поездки 90 мин ТК;1
4543;105;262;105;Пропуск МЦК;Пропуск сотрудника МЦК;1
4547;354;262;354;Бланк РЛ Регион;Бланк разовый льготный для региональных льготников;2
4548;353;262;353;Бланк РЛ Федерал;Бланк разовый льготный для федеральных льготников;2
4550;136;262;136;РЛ Федеральный;Билет разовый льготный для федеральных льготников;2
4551;137;262;137;РЛ Региональный;Билет разовый льготный для региональных льготников;2
4553;355;262;355;Бланк РЛ студент;Бланк разовый льготный для региональных студентов;2
4554;138;262;138;РЛ студент;Билет разовый льготный для региональных студентов и обучающихся;2
4556;481;279;481;Перезапись;Перезапись;1
4558;408;279;408;50 ПОЕЗД. ЕД.ТЕХ;50 ПОЕЗДОК ЕДИНЫЙ ТЕХНИЧЕСКИЙ;2
4560;482;279;482;365 дн.ЕД.ТК ТЕХ;365 дней ЕДИНЫЙ ТК ТЕХНИЧЕСКИЙ;1
4562;483;279;483;55 п. ЕД ТК ТЕХ.;55 поездок ЕДИНЫЙ ТК ТЕХНИЧЕСКИЙ;1
4570;406;262;406;Аккредитов./ЛБА;Билет аккредитов. лица FIFA/ЛБ аспиранта;2
4572;407;262;407;Билет волонтера;Билет волонтера;2
4588;405;262;405;Билет журналиста;Билет журналиста;2
4590;226;262;226;СКС на 3 мес.;СК студента на 3 месяца;1
4593;228;262;228;СКУ на 3 мес.;СК учащегося на 3 месяца;1
4596;234;262;234;СКО тек. мес.;СК ординатора на тек. мес.;1
4598;236;262;236;СКО на 3 мес.;СК ординатора на 3 месяца;1
4601;319;262;319;Бланк СКО;Бланк СК ординатора;1
4606;125;279;125;Врем. билет ММ;Временный билет ММ;2
4613;400;262;400;FIFA полиция ЧМ;Билет для полиции ЧМ FIFA;2
4624;329;262;329;Бланк СКА;Бланк СК аспиранта;1
4628;245;262;245;СКА тек. мес.;СК аспиранта на тек. мес.;1
4630;247;262;247;СКА на 3 мес.;СК аспиранта на 3 месяца;1
4634;485;279;485;20 поездок ЕД ТК;20 поездок ЕДИНЫЙ ТК;1
4636;486;279;486;40 поездок ЕД ТК;40 поездок ЕДИНЫЙ ТК;1
4638;487;279;487;60 поездок ЕД ТП;60 поездок ЕДИНЫЙ ТП;1
4640;488;279;488;60 поездок ТК;60 поездок ЕДИНЫЙ ТК;1
4642;253;262;151;ВЕСБ М (7 мин);ВЕСБ МОСКВА (7мин);2
4656;850;264;305;Бланк СКС МГТ;Бланк СК студента МГТ;1
4657;851;264;211;СКС тек.м. МГТ;СК студента на тек. месяц МГТ;1
4662;853;264;233;СКС 3 тек.м. МГТ;СК студента на 3 тек. месяца МГТ;1
4665;855;264;307;Бланк СКУ МГТ;Бланк СК учащегося МГТ;1
4666;856;264;215;СКУ тек.м. МГТ;СК учащегося на тек. месяц МГТ;1
4669;858;264;231;СКУ 3 тек.м. МГТ;СК учащегося на 3 тек. месяца МГТ;1
4672;860;264;319;Бланк СКО МГТ;Бланк СК ординатора МГТ;1
4673;861;264;239;СКО тек. м. МГТ;СК ординатора на тек. месяц МГТ;1
4679;863;264;241;СКО 3 тек.м. МГТ;СК ординатора на 3 тек. месяца МГТ;1
4682;865;264;329;Бланк СКА МГТ;Бланк СК аспиранта МГТ;1
4683;866;264;245;СКА тек.м. МГТ;СК аспиранта на тек. мес. МГТ;1
4687;868;264;247;СКА 3 тек.м. МГТ;СК аспиранта на 3 текущих месяца МГТ;1
4693;870;264;309;Бл.Тройка МГТ пл;Бланк Тройка 4-го сектора МГТ;1
4694;871;264;321;Бл.Тройка МГТ аг;Бланк Тройка 4-го сектора МГТ агент;1
4695;872;264;313;Бл.Тройка МГТ БН;Бланк Тройка 4-го сектора МГТ банк;1
4696;873;264;258;ТАТ на 30 дней;ТАТ на 30 дней;1
4698;874;264;261;Автобус Б 30 дн.;Автобус Б 30 дней;1
4700;875;264;266;Автобус А-Б 30 д;Автобус А-Б 30 дней;1
4705;893;279;893;1 сутки Пригород;1 сутки Пригород ТК;1
4707;894;279;894;3 суток ТК;3 суток Единый ТК;1
4709;895;279;895;3 суток Пригород;3 суток Пригород ТК;1
4711;896;279;896;30 дн. Пригород;30 дней Пригород ТК;1
4713;897;279;897;90 дн. Пригород;90 дней Пригород ТК;1
4715;898;279;898;365 дн. Пригород;365 дней Пригород ТК;1
4741;454;266;154;ВЕСБ МО (тип 5);ВЕСБ МО (тип 5);2
4742;455;266;155;ВЕСБ МО (тип 6);ВЕСБ МО (тип 6);2
4752;970;262;970;Бл. небилет.10%;Бланк для небилетной продукции 10%;2
4753;971;262;971;Маска м. 1 шт. В;Маска м. 1 шт. В;2
4757;973;262;973;Перчатки 1 п. В;Перчатки 1 п. В;2
4759;900;262;900;Бл. небилет.20%;Бланк для небилетной продукции 20%;2
4760;901;262;901;Маска 1 шт. А;Маска 1 шт. А;2
4764;903;262;903;Перчатки 1 п. А;Перчатки 1 п. А;2
4767;378;262;378;Бланк СК СТ;Бланк СК ассистента-стажера;1
4768;273;262;273;СК СТ тек. мес.;СК ассистента-стажера тек. мес.;1
4773;275;262;275;СК СТ на 3 мес.;СК ассистента-стажера на 3 мес.;1
4778;826;264;378;Бланк СК СТ МГТ;Бланк СК ассистента-стажера МГТ;1
4779;827;264;273;СКСТ тек.м. МГТ;СК ассистента-стажера на тек. мес. МГТ;1
4782;829;264;275;СКСТ 3 мес. МГТ;СК ассистента-стажера на 3 месяца МГТ;1
4786;951;279;951;Бланк Ед. (ВТ);Бланк Единый (Виртуальная Тройка);1
4893;358;;;ТК Тройка ЛС;Выручка от продажи Тройки ЛС;1
4894;359;;;Пассажир. агент.;Выручка от продажи Тройки ПА;1
4895;362;;;Сувенирная прод.;Сувенирная продукция;1
4896;363;;;Почтовые услуги;Почтовые услуги;1
4897;931;264;259;ТАТ на 90 дней;ТАТ на 90 дней;1
4898;932;264;260;ТАТ на 365 дней;ТАТ на 365 дней;1
4903;779;264;769;СК СТ 90 дн. МГТ;СК ассистентов-стажеров на 90 дней МГТ;1
4904;760;262;760;СКУ 30 дней;СК учащегося 30 дней;1
4905;761;262;761;СКУ 90 дней;СК учащегося 90 дней;1
4906;778;264;768;СК СТ 30 дн. МГТ;СК ассистентов-стажеров на 30 дней МГТ;1
4907;777;264;767;СКО 90 дней МГТ;СК ординатора на 90 дней МГТ;1
4908;762;262;762;СКС 30 дней;СК студента 30 дней;1
4909;763;262;763;СКС 90 дней;СК студента 90 дней;1
4910;776;264;766;СКО 30 дней МГТ;СК ординатора на 30 дней МГТ;1
4911;764;262;764;СКА 30 дней;СК аспиранта 30 дней;1
4912;775;264;765;СКА 90 дней МГТ;СК аспиранта на 90 дней МГТ;1
4913;766;262;766;СКО 30 дней;СК ординатора 30 дней;1
4914;767;262;767;СКО 90 дней;СК ординатора 90 дней;1
4915;768;262;768;СК СТ 30 дней;СК ассистента-стажера 30 дней;1
4916;769;262;769;СК СТ 90 дней;СК ассистента-стажера 90 дней;1
4917;770;264;760;СКУ 30 дней МГТ;СК учащегося на 30 дней МГТ;1
4918;771;264;761;СКУ 90 дней МГТ;СК учащегося на 90 дней МГТ;1
4919;772;264;762;СКС 30 дней МГТ;СК студента на 30 дней МГТ;1
4920;773;264;763;СКС 90 дней МГТ;СК студента на 90 дней МГТ;1
4921;774;264;764;СКА 30 дней МГТ;СК аспиранта на 30 дней МГТ;1
4922;765;262;765;СКА 90 дней;СК аспиранта 90 дней;1
4924;968;264;821;Бланк УЛ МГТ;Бланк УЛ МГТ;2
5022;974;264;229;ВБУ мес. МГТ УЛ;Временный билет учащегося на месяц МГТ УЛ;2
5023;975;264;237;ВБУ 3 мес. МГТ УЛ;Временный билет учащегося на 3 месяца МГТ УЛ;2
5024;976;264;230;ВБС мес. МГТ УЛ;Временный билет студента на месяц МГТ УЛ;2
5025;977;264;238;ВБС 3 мес. МГТ УЛ;Временный билет студента на 3 месяц МГТ УЛ;2
5044;1000;300;1000;ББК;ББК;3
5069;950;279;950;Бланк кош. (ВТ);Бланк кошелек (Виртуальная Тройка);1
5070;952;264;952;Бланк МГТ (ВТ);Бланк МГТ (Виртуальная Тройка);1
5077;330;;;Возврат КОШЕЛЕК;Возврат залоговой стоимости кошелька;1
5078;302;262;302;БЛАНК ТК студ.;Бланк Транспортной Карты студента;1
5079;991;264;706;БТК МГТ БМ;Безналичная транспортная карта МГТ Банка Москвы;1
5123;986;264;298;СКМО МГТ;Социальная карта жителя Моск. области МГТ;1
5124;978;264;243;ВБО мес. МГТ УЛ;Временный билет ординатора на месяц МГТ УЛ;2
5125;979;264;244;ВБО 3мес.МГТ УЛ;Временный билет ординатора на 3 месяца МГТ УЛ;2
5126;981;264;250;СКС след. мес.;СК студента на след. мес.;2
5127;984;264;294;СК ГУВД МГТ;СК для сотрудника ГУВД г.Москвы МГТ;1
5128;990;264;705;БТК ЭК МГТ;Безналичная транспортная карта МГТ Экспресс Кард;1
5129;987;264;299;СКМ МГТ;Социальная карта москвича МГТ;1
5130;989;264;297;БСК дружин. МГТ;БСК дружинника г.Москвы МГТ;1
5131;988;264;296;СКМ с сопр. МГТ;Социальная карта москвича с сопровождающим МГТ;1
5132;980;264;249;ВБА мес. МГТ УЛ;Временный билет аспиранта на месяц МГТ УЛ;2
5133;985;264;295;СКМО с сопр. МГТ;Социальная карта жителя Моск. области с сопровождающим МГТ;1
5134;112;262;112;Бланк УЛ М;Бланк Ультралайт Метро;2
5135;124;279;124;Пропуск FacePay;Пропуск FacePay;1
5136;369;;;Квитанция об опл;Квитанция об оплате;
5137;368;;;Спец. талон;Специальный талон;
5138;367;;;ШТРАФ,КВ,УВД;Штрафные квитанции УВД;
5139;364;;;Лотерея;Лотерейный билет;
5155;203;262;203;М-БСК тек. мес.;М-БСК тек. мес.;1
5156;274;;;СК СТ след. мес.;СК ассистента-стажера след. мес.;1
5157;337;269;337;БЛАНК ТК ЕДИНЫЙ;Бланк транспортной карты ЕДИНЫЙ;1
5162;472;279;472;1 п. 90 мин ЭК;1 поездка 90 мин ЭК;
5163;473;279;473;2 п. 90 мин ЭК;2 поездка 90 мин ЭК;1
5164;933;279;933;~ЭЛ. КОШЕЛЕК;~Электронный кошелек;
5165;969;279;969;~30 дней ЕД.ТК;~30 дней ЕДИНЫЙ ТК;1
5172;323;279;323;Бланк ЕД (музей);Бланк ЕДИНЫЙ (музей);1
5173;324;279;324;Бланк КОШ(музей);Бланк кошелька (музей);1
5174;366;;;Аудиогид в метро;Аудиогид в метро;1
5175;444;279;444;Транзитный билет;Транзитный билет для ТП "Тройка";1
5177;876;;;Возврат МГТ;Возврат 4-го сектора МГТ;1
5178;982;264;277;ВБСТ мес. МГТ УЛ;Временный билет ассистента-стажера на месяц МГТ УЛ;2
5179;983;264;278;ВБСТ 3мес.МГТУЛ;Временный билет ассистента-стажера на 3 месяца МГТ УЛ;2
5499;365;;;штраф метро;штрафные квитанции метро;
5507;212;;;скс след. мес.;ск студента на след. мес.;1
5527;1003;300;710;ББК МГТ;ББК МГТ;3
5528;453;266;153;ВЕСБ МО (тип 4);ВЕСБ МО (тип 4);2
5532;216;;;ску след. мес.;ск учащегося след. мес.;1
5533;235;;;ско след. мес.;ск ординатора на след. мес.;1
5535;246;;;ска след. мес.;ск аспиранта на след. мес.;1
5537;339;;;возврат тк един;возврат залоговой стоимости тк един;
5538;343;;;возврат бск;возврат залоговой стоимости;1
5541;345;;;возврат бск-мжд;возврат залоговой стоимости мжд;1
5543;346;;;возврат етк;возврат единой транспортной карты;1
5544;349;;;возврат тк ед;возврат тк единый;1
5550;857;;;ску след.м. мгт;ск учащегося на след. месяц мгт;1
5551;830;;;скст 3след.м мгт;ск ассистенты-стажеры 3 след.месяца мгт;1
5552;854;;;скс 3 след.м.мгт;ск студента на 3 след. месяца мгт;1
5553;859;;;ску 3 след.м.мгт;ск учащегося на 3 след. месяца мгт;1
5554;862;;;ско след.м.мгт;ск ординатора на след. месяц мгт;1
5555;864;;;ско 3 след.м.мгт;ск ординатора на 3 след. месяца мгт;1
5557;867;;;ска след.м мгт;ск аспиранта на след. месяц мгт;1
5558;869;;;ска 3 след.м мгт;ск аспиранта на 3 след. месяца мгт;1
5559;852;;;скс след.м. мгт;ск студента на след. месяц мгт;1
6193;828;;;СКСТ след.м. МГТ;СК ассистента-стажера след.месяц МГТ;1
6195;281;264;281;ВБУ 90дн. МГТ УЛ;Временный билет учащегося на 90 дней МГТ УЛ;2
6196;280;264;280;ВБУ 30дн. МГТ УЛ;Временный билет учащегося на 30 дней МГТ УЛ;2
6197;282;264;282;ВБС 30дн. МГТ УЛ;Временный билет студента на 30 дней МГТ УЛ;2
6198;283;264;283;ВБС 90дн. МГТ УЛ;Временный билет студента на 90 дней МГТ УЛ;2
6199;284;264;284;ВБА 30дн. МГТ УЛ;Временный билет аспиранта на 30 дней МГТ УЛ;2
6200;285;264;285;ВБА 90дн. МГТ УЛ;Временный билет аспиранта на 90дней МГТ УЛ;2
6201;286;264;286;ВБО 30дн. МГТ УЛ;Временный билет ординатора на 30 дней МГТ УЛ;2
6202;287;264;287;ВБО 90дн.МГТ УЛ;Временный билет ординатора на 90дней МГТ УЛ;2
6203;288;264;288;ВБСТ 30дн.МГТ УЛ;Временный билет ассистента-стажера на 30 дней МГТ УЛ;2
6204;289;264;289;ВБСТ 90дн.МГТ УЛ;Временный билет ассистента-стажера на 90 дней МГТ УЛ;2
6205;445;279;445;Тройка с НДС;ПРОДАЖА ТК Тройка с НДС;1
6206;780;262;780;30 дней СКУ;30 дней СК учащегося;1
6207;781;262;781;90 дней СКУ;90 дней СК учащегося;1
6208;782;262;782;30 дней СКС;30 дней СК студента;1
6209;783;262;783;90 дней СКС;90 дней СК студента;1
6210;784;262;784;30 дней СКА;30 дней СК аспиранта;1
6211;785;262;785;90 дней СКА;90 дней СК аспиранта;1
6212;786;262;786;30 дней СКО;30 дней СК ординатора;1
6213;787;262;787;90 дней СКО;90 дней СК ординатора;1
6214;788;262;788;30 дней СК СТ;30 дней СК ассистента-стажера;1
6215;789;262;789;90 дней СК СТ;90 дней СК ассистента-стажера;1
6217;790;264;780;30 дней МГТ СКУ;30 дней МГТ СК учащегося;1
6218;791;264;781;90 дней МГТ СКУ;90 дней МГТ СК учащегося;1
6219;792;264;782;30 дней МГТ СКС;30 дней МГТ СК студента;1
6220;793;264;783;90 дней МГТ СКС;90 дней МГТ СК студента;1
6221;794;264;784;30 дней МГТ СКА;30 дней МГТ СК аспиранта;1
6222;795;264;785;90 дней МГТ СКА;90 дней МГТ СК аспиранта;1
6223;796;264;786;30 дней МГТ СКО;30 дней МГТ СК ординатора;1
6224;797;264;787;90 дней МГТ СКО;90 дней МГТ СК ординатора;1
6226;798;264;788;30 дн. МГТ СК СТ;30 дней МГТ СК ассистентов-стажеров;1
6227;799;264;789;90 дн. МГТ СК СТ;90 дней МГТ СК ассистентов-стажеров;1
6228;800;264;790;30 дней ТАТ;30 дней ТАТ;1
6229;801;264;791;90 дней ТАТ;90 дней ТАТ;1
6230;802;264;792;365 дней ТАТ;365 дней ТАТ;1
6231;803;264;793;30 д Автобус А-Б;30 дней Автобус А-Б;1
6232;992;279;992;30 дней;30 дней;1
6233;993;279;993;90 дней;90 дней;1
6234;994;279;994;365 дней;365 дней;1
6235;995;279;995;30 дней Пригород;30 дней Пригород;1
6236;996;279;996;90 дней Пригород;90 дней Пригород;1
6237;997;279;997;365 дней Пригород;365 дней Пригород;1
6238;306;262;306;Бланк СКС НГ;Бланк СК студента НГ;1
6239;213;262;213;СКС НГ тек. мес.;СК студента НГ тек. мес.;1
6241;692;262;692;30дн ММ+МГТ СКС;30 дней СК студента ММ+МГТ;1
6242;694;262;694;30дн ММ+МГТ СКА;30 дней СК аспиранта ММ+МГТ;1
6243;695;262;695;90дн ММ+МГТ СКА ;90 дней СК аспиранта ММ+МГТ;1
6244;279;279;279;Вр. билет ММ+МГТ;Временный билет ММ+МГТ;2
6245;691;262;691;90дн ММ+МГТ СКУ;90 дней СК учащегося ММ+МГТ;1
6246;693;262;693;90дн ММ+МГТ СКС ;90 дней СК студента ММ+МГТ;1
6247;697;262;697;90дн ММ+МГТ СКО;90 дней СК ординатора ММ+МГТ;1
6248;690;262;690;30дн ММ+МГТ СКУ;30 дней СК учащегося ММ+ МГТ;1
6249;696;262;696;30дн ММ+МГТ СКО ;30 дней СК ординатора ММ+МГТ;1
6250;699;262;699;90дн ММ+МГТ СКСТ;90 дней СК ассистента-стажера ММ+МГТ;1
6251;698;262;698;30дн ММ+МГТ СКСТ;30 дней СК ассистента-стажера ММ+МГТ;1
6252;1004;300;1004;Биометрия;Биометрия;4
6253;1005;300;1005;СБП;СБП;5
6259;651;264;651;БПТ 3 ДНЯ УЛ;БПТ 3 ДНЯ УЛ;2
6262;652;264;652;БПТ ГЕРОЯ УЛ;БПТ ГЕРОЯ УЛ;2
6263;653;264;653;ГЕРОЙ ТРУДА УЛ;БПТ ГЕРОЯ ТРУДА УЛ;2
6274;654;264;654;3 ДНЯ МО УЛ;БПТ 3 ДНЯ МО УЛ;2
6275;655;264;655;ПРАЗДНИЧНЫЙ УЛ;БПТ "Праздничный" УЛ;2
6276;656;264;656;БПТ ШК УЛ;БПТ для группы школьников УЛ;2
6277;887;264;887;БСК тех УЛ;БСК техника на ультралайт;2
6278;311;264;311;БЛАНК БСК К;Бланк БСК контролера;1
6299;493;279;493;30 дней Подписки;30 дней Подписки;1
6300;613;279;613;30дн.Подписки Пр;30 дней Подписки Пригород;1
6314;99;262;99;Пропуск РТ;Пропуск сотрудника Речного транспорта;1
6334;160;262;160;УЛ Багажный ;УЛ Багажный ;2
6454;645;262;645;30 ММ+МГТ СТ Пр;30 дней СК ассистентов-стажеров ММ+МГТ Пригород;1
6455;642;262;642;90 ММ+МГТ СКО Пр;90 дней СК ординатора ММ+МГТ Пригород;1
6456;879;262;879;90 дней СКУ Пр;90 дней СК учащегося Пригород;1
6457;640;262;640;90 ММ+МГТ СКС Пр;90 дней СК студента ММ+МГТ Пригород;1
6458;877;262;877;30 дней СКУ Пр;30 дней СК учащегося Пригород;1
6459;646;262;646;90 ММ+МГТ СТ Пр;90 дней СК ассистентов-стажеров ММ+МГТ Пригород;1
6460;635;262;635;30 дней СК СТ Пр;30 дней СК ассистентов-стажеров Пригород;1
6461;641;262;641;30 ММ+МГТ СКО Пр;30 дней СК ординатора ММ+МГТ Пригород;1
6462;890;262;890;30 дней СКА Пр;30 дней СК аспиранта Пригород;1
6463;892;262;892;90 дней СКА Пр;90 дней СК аспиранта Пригород;1
6464;638;262;638;90 ММ+МГТ СКУ Пр;90 дней СК учащегося ММ+МГТ Пригород;1
6465;644;262;644;90 ММ+МГТ СКА Пр;90 дней СК аспиранта ММ+МГТ Пригород;1
6466;639;262;639;30 ММ+МГТ СКС Пр;30 дней СК студента ММ+МГТ Пригород;1
6467;883;262;883;30 дней СКО Пр;30 дней СК ординатора Пригород;1
6468;885;262;885;90 дней СКО Пр;90 дней СК ординатора Пригород;1
6469;880;262;880;30 дней СКС Пр;30 дней СК студента Пригород;1
6470;882;262;882;90 дней СКС Пр;90 дней СК студента Пригород;1
6471;636;262;636;90 дней СК СТ Пр;90 дней СК ассистентов-стажеров Пригород;1
6472;637;262;637;30 ММ+МГТ СКУ Пр;30 дней СК учащегося ММ+МГТ Пригород;1
6473;643;262;643;30 ММ+МГТ СКА Пр;30 дней СК аспиранта ММ+МГТ Пригород;1
6474;732;264;732;ТАТ 30 дней;ТАТ 30 дней;1
6494;68;262;68;СК УФНС;Социальная карта УФНС;1
6495;69;262;69;СК ГУ МВД;Социальная карта ГУ МВД;1
6496;70;264;68;СК УФНС МГТ;Социальная карта УФНС МГТ;1
6497;71;264;69;СК ГУ МВД МГТ;Социальная карта ГУ МВД МГТ;1
6514;384;279;384;Бланк ЕД (экиг);Бланк ЕДИНЫЙ (экиг);1
6515;385;279;385;Бланк КОШ (экиг);Бланк кошелька (экиг);1
6516;383;264;383;Бл.Тройка МГТ эк;Бл.Тройка 4-го сектора МГТ иностр. гражданина;1
6534;386;279;386;Бланк ЕД (экиг) дубль;Бланк ЕДИНЫЙ (экиг) дубль;1
6554;736;279;736;ВБ 30 ММ+ЦМЦД;ВБ 30 дней ММ+ЦМЦД;1
6555;737;279;737;ВБ 90 ММ+ЦМЦД;ВБ 90 дней ММ+ЦМЦД;1
6556;738;279;738;ВБ 30 ММ+ПМЦД;ВБ 30 дней ММ+ПМЦД;1
6557;739;279;739;ВБ 90 ММ+ПМЦД;ВБ 90 дней ММ+ПМЦД;1
6558;740;279;740;ВБ 30 Единый Ц;ВБ 30 дней Единый Центр;1
6559;741;279;741;ВБ 90 Единый Ц;ВБ 90 дней Единый Центр;1
6560;742;279;742;ВБ 30 Единый П;ВБ 30 дней Единый Пригород;1
6561;743;279;743;ВБ 90 Единый П;ВБ 90 дней Единый Пригород;1
6562;744;264;744;ВБ 30 МГТ;ВБ 30 дней МГТ;1
6563;745;264;745;ВБ 90 МГТ;ВБ 90 дней МГТ;1
6575;1008;300;1008;Биометрия ИНН;Биометрия ИНН;4
6595;841;262;841;1 поездка в выходной день;1 ПОЕЗД. выходного и праздничного дня РТ;2
6597;842;262;842;1 поездка в будний день;1 ПОЕЗД. рабочего дня РТ;2
6619;25;262;25;ЭУМ ВБД ММ;Эл. удостоверение ветерана боевых действий Москвы ММ;1
6620;26;264;26;ЭУМ ВБД МГТ;Эл. удостоверение ветерана боевых действий Москвы МГТ;1
6635;733;264;733;ТАТ 90 дней;ТАТ 90 дней;1
6636;734;264;734;ТАТ 365 дней;ТАТ 365 дней;1
6655;371;;;Обнуление ЕД(аг);Обнуление ЕД (агент);1
6656;372;;;Обнуление К (аг);Обнуление КОШЕЛЕК (агент);1
6657;50;400;50;МТ Whoosh;Мультитранспорт Whoosh;
6675;51;400;51;МТ ВелоW;Мультитранспорт Вело Whoosh;
6676;53;400;53;МТ ВелоСамокатыW;Мультитранспорт Вело Самокаты Whoosh;
6677;66;400;66;МТ Мини (S) W;Мультитранспорт Мини (S) Whoosh;
6678;67;400;67;МТ Стандарт(М)W;Мультитранспорт Стандарт (М) Whoosh;
6679;72;400;72;МТ Макс (L)W;Мультитранспорт Макс (L) Whoosh;
6680;73;400;73;МТ МиниВелоW;Мультитранспорт Мини Вело Whoosh;
6681;74;400;74;МТ СтандартВелоW;Мультитранспорт Стандарт Вело Whoosh;
6682;75;400;75;МТ Макс ВелоW;Мультитранспорт Макс Вело Whoosh;
6683;76;400;76;МТ МиниСамокатыW;Мультитранспорт Мини Самокаты Whoosh;
6684;77;400;77;МТ СтандСамокатW;Мультитранспорт Стандарт Самокаты Whoosh;
6685;78;400;78;МТ МаксСамокатыW;Мультитранспорт Макс Самокаты Whoosh;
6686;79;400;79;МТ СамокатыW;Мультитранспорт Самокаты Whoosh;
6687;80;400;80;МТ МиниСамВелоW;Мультитранспорт Мини Самокаты Вело Whoosh;
6688;81;400;81;МТ СтандСамВелоW;Мультитранспорт Стандарт Самокаты Вело Whoosh;
6689;82;400;82;МТ МаксСамВелоW;Мультитранспорт Макс Самокаты Вело Whoosh;
6690;83;400;83;МТ Whoosh Пр;Мультитранспорт Whoosh Пригород;
6691;84;400;84;МТ Вело W Пр;Мультитранспорт Вело Whoosh Пригород;
6692;85;400;85;МТ Мини W Пр;Мультитранспорт Мини Whoosh Пригород;
6693;86;400;86;МТ Станд W Пр;Мультитранспорт Стандарт Whoosh Пригород;
6694;87;400;87;МТ Макс W Пр;Мультитранспорт Макс Whoosh Пригород;
6695;88;400;88;МТ МиниВело W Пр;Мультитранспорт Мини Вело Whoosh Пригород;
6696;89;400;89;МТ СтандВелоW Пр;Мультитранспорт Стандарт Вело Whoosh Пригород;
6697;90;400;90;МТ МаксВело W Пр;Мультитранспорт Макс Вело Whoosh Пригород;
6698;91;400;91;МТ Мини Сам W Пр;Мультитранспорт Мини Самокаты Whoosh Пригород;
6699;92;400;92;МТ СтандСам W Пр;Мультитранспорт Стандарт Самокаты Whoosh Пригород;
6700;93;400;93;МТ Макс Сам W Пр;Мультитранспорт Макс Самокаты Whoosh Пригород;
6701;94;400;94;МТ Вело Сам W Пр;Мультитранспорт Вело Самокаты Whoosh Пригород;
6702;95;400;95;МТ Самокаты W Пр;Мультитранспорт Самокаты Whoosh Пригород;
6703;96;400;96;МТ МиниСамВелWПр;Мультитранспорт Мини Самокаты Вело Whoosh Пригород;
6704;97;400;97;МТСтандСамВелWПр;Мультитранспорт Стандарт Самокаты Вело Whoosh Пригород;
6705;98;400;98;МТ МаксСамВелWПр;Мультитранспорт Макс Самокаты Вело Whoosh Пригород;
6706;489;400;489;МТ Мини (S);Мультитранспорт Мини (S);
6707;490;400;490;МТ Стандарт (M);Мультитранспорт Стандарт (M);
6708;491;400;491;МТ Макс (L);Мультитранспорт Макс (L);
6709;492;400;492;МТ Вело;Мультитранспорт Вело;
6710;494;400;494;МТ Мини Вело;Мультитранспорт Мини Вело;
6711;495;400;495;МТ Стандарт Вело;Мультитранспорт Стандарт Вело;
6712;496;400;496;МТ Макс Вело;Мультитранспорт Макс Вело;
6713;497;400;497;МТ Мини Самокаты;Мультитранспорт Мини Самокаты;
6714;498;400;498;МТ СтандСамокаты;Мультитранспорт Стандарт Самокаты;
6715;499;400;499;МТ Макс Самокаты;Мультитранспорт Макс Самокаты;
6716;500;400;500;МТ Самокаты;Мультитранспорт Самокаты;
6717;586;400;586;МТ Мини Сам Вело;Мультитранспорт Мини Самокаты Вело;
6718;587;400;587;МТ СтандСам Вело;Мультитранспорт Стандарт Самокаты Вело;
6719;588;400;588;МТ Макс Сам Вело;Мультитранспорт Макс Самокаты Вело;
6720;589;400;589;МТ Вело Пригород;Мультитранспорт Вело Пригород;
6721;590;400;590;МТ Мини Пригород;Мультитранспорт Мини Пригород;
6722;591;400;591;МТ СтандПригород;Мультитранспорт Стандарт Пригород;
6723;592;400;592;МТ Макс Пригород;Мультитранспорт Макс Пригород;
6724;593;400;593;МТ Мини Вело Пр;Мультитранспорт Мини Вело Пригород;
6725;594;400;594;МТ Станд Вело Пр;Мультитранспорт Стандарт Вело Пригород;
6726;595;400;595;МТ Макс Вело Пр;Мультитранспорт Макс Вело Пригород;
6727;596;400;596;МТ Мини Сам Пр;Мультитранспорт Мини Самокаты Пригород;
6728;597;400;597;МТ Станд Сам Пр;Мультитранспорт Стандарт Самокаты Пригород;
6729;598;400;598;МТ Макс Сам Пр;Мультитранспорт Макс Самокаты Пригород;
6730;599;400;599;МТ Самокаты Пр;Мультитранспорт Самокаты Пригород;
6731;600;400;600;МТ МиниСамВелоПр;Мультитранспорт Мини Самокаты Вело Пригород;
6732;611;400;611;МТ СтандСамВелПр;Мультитранспорт Стандарт Самокаты Вело Пригород;
6733;612;400;612;МТ МаксСамВелПр;Мультитранспорт Макс Самокаты Вело Пригород;
6734;614;400;614;МТ Вело Самокаты;Мультитранспорт Вело Самокаты;
6735;615;400;615;МТ Вело Сам Пр;Мультитранспорт Вело Самокаты Пригород;
6755;1006;264;1006;БСК К;БСК контролера;1
6775;290;262;290;Суды г.Москвы ММ;Специальная карта работников Судов г.Москвы ММ;1
6776;291;264;291;Суды г.Москвы МГТ;Специальная карта работников судов г.Москвы НГПТ;1
6795;224;279;224;30 дней Зима Ц;30 дн. Подписки Зима Центр;1
6796;225;279;225;30 дней Зима Пр.;30 дней Подписки Зима Пригород ;1
6797;232;400;232;МТ Зима Центр;Мультитранспорт Зима Единый Центр;
6798;233;400;233;МТ Зима Пр;Мультитранспорт Зима Единый Пригород;
6815;935;262;935;СК УТ МВД ММ;Специальная карта сотрудника Управления на транспорте МВД ММ;1
6839;936;264;936;СК УТ МВД МГТ;Специальная карта сотрудника Управления на транспорте МВД НГПТ;1
6855;106;262;106;Разовый пропуск;Разовый пропуск СКУД;1
